,MAC,SSID,AuthMode,FirstSeen,Channel,RSSI,CurrentLatitude,CurrentLongitude,AltitudeMeters,AccuracyMeters,Type,size,color
3648,0a:30:0d:94:ff:36,Korail_WiFi_Free,[ESS],2022-11-08 11:31:53,36,-73,35.8497849,127.1618759,79.0,36.900001525878906,WIFI,1,16711680
3649,24:de:c6:3b:70:73,KTX-WiFi-Secure,[WPA2-EAP/SHA1-CCMP][RSN-EAP/SHA1-CCMP][ESS],2022-11-08 11:31:53,149,-70,35.8497849,127.1618759,79.0,36.900001525878906,WIFI,1,16711680
3650,24:de:c6:3b:70:72,KTX-WiFi-Free,[ESS],2022-11-08 11:31:53,149,-65,35.8497849,127.1618759,79.0,36.900001525878906,WIFI,1,16711680
3651,0a:96:91:9a:e1:fb,Galaxy Note10+ 5G5745,[WPA2-PSK-CCMP][RSN-PSK-CCMP][ESS],2022-11-08 11:31:53,149,-87,35.8497849,127.1618759,79.0,36.900001525878906,WIFI,1,16711680
3652,24:de:c6:3b:b1:13,KTX-WiFi-Secure,[WPA2-EAP/SHA1-CCMP][RSN-EAP/SHA1-CCMP][ESS],2022-11-08 11:31:53,40,-90,35.8497849,127.1618759,79.0,36.900001525878906,WIFI,1,16711680
3653,24:de:c6:3b:b1:12,KTX-WiFi-Free,[ESS],2022-11-08 11:31:53,40,-90,35.8497849,127.1618759,79.0,36.900001525878906,WIFI,1,16711680
3654,0a:30:0d:94:ff:31,KT WiFi ,[ESS],2022-11-08 11:31:53,36,-73,35.8497849,127.1618759,79.0,36.900001525878906,WIFI,1,16711680
3655,d2:24:81:6b:1d:4a,AndroidHotspot2646,[WPA2-PSK-CCMP][RSN-PSK-CCMP][ESS],2022-11-08 11:31:53,6,-51,35.8497849,127.1618759,79.0,36.900001525878906,WIFI,1,16711680
3656,48:c0:93:87:73:22,KTX-WiFi-Secure,[WPA-EAP/SHA1-CCMP][ESS],2022-11-08 11:31:53,157,-45,35.8497849,127.1618759,79.0,36.900001525878906,WIFI,1,16711680
3657,48:c0:93:87:73:21,KTX-WiFi-Free,[ESS],2022-11-08 11:31:53,157,-44,35.8497849,127.1618759,79.0,36.900001525878906,WIFI,1,16711680
3658,00:30:0d:94:ff:30,KT WiFi,[WPA2-EAP/SHA1-CCMP+TKIP][RSN-EAP/SHA1-CCMP+TKIP][WPA-EAP/SHA1-CCMP+TKIP][ESS],2022-11-08 11:31:53,36,-73,35.8497849,127.1618759,79.0,36.900001525878906,WIFI,1,16711680
3659,48:c0:93:7f:ca:21,KTX-WiFi-Free,[ESS],2022-11-08 11:31:53,157,-50,35.8497849,127.1618759,79.0,36.900001525878906,WIFI,1,16711680
3660,48:c0:93:7f:ca:22,KTX-WiFi-Secure,[WPA-EAP/SHA1-CCMP][ESS],2022-11-08 11:31:53,157,-49,35.8497849,127.1618759,79.0,36.900001525878906,WIFI,1,16711680
3661,6c:d3:ee:06:9d:6e,,Uncategorized;10,2022-11-08 11:31:53,7936,-79,35.8497849,127.1618759,79.0,36.900001525878906,BT,1,16711680
3662,6c:8e:53:bc:99:00,,Uncategorized;10,2022-11-08 11:31:53,7936,-64,35.8497849,127.1618759,79.0,36.900001525878906,BT,1,16711680
3663,52:e6:0b:05:8b:29,,Uncategorized;10,2022-11-08 11:31:53,7936,-84,35.8497849,127.1618759,79.0,36.900001525878906,BT,1,16711680
3664,6b:57:94:08:38:21,,Uncategorized;10,2022-11-08 11:31:53,7936,-71,35.8497849,127.1618759,79.0,36.900001525878906,BT,1,16711680
3665,65:44:ea:f2:b2:07,,Uncategorized;10,2022-11-08 11:31:53,7936,-73,35.8497849,127.1618759,79.0,36.900001525878906,BT,1,16711680
3666,4a:1c:98:87:ea:02,,Uncategorized;10,2022-11-08 11:31:53,7936,-65,35.8497849,127.1618759,79.0,36.900001525878906,BT,1,16711680
3667,4e:9b:52:7c:1f:39,,Uncategorized;10,2022-11-08 11:31:53,7936,-67,35.8497849,127.1618759,79.0,36.900001525878906,BT,1,16711680
3668,4f:0b:c4:d9:20:0c,,Uncategorized;10,2022-11-08 11:31:53,7936,-91,35.8497849,127.1618759,79.0,36.900001525878906,BT,1,16711680
3669,47:e5:51:f9:d5:e3,,Uncategorized;10,2022-11-08 11:31:53,7936,-90,35.8497849,127.1618759,79.0,36.900001525878906,BT,1,16711680
3670,59:3f:49:09:54:8d,T5_xr829,Car Audio;10,2022-11-08 11:31:53,1056,-63,35.8497849,127.1618759,79.0,36.900001525878906,BT,1,16711680
3671,78:26:83:f8:fd:0d,,Uncategorized;10,2022-11-08 11:31:57,7936,-75,35.8497849,127.1618759,79.0,36.900001525878906,BT,1,16711680
3672,5c:03:0c:d1:bc:31,,Uncategorized;10,2022-11-08 11:31:57,7936,-83,35.8497849,127.1618759,79.0,36.900001525878906,BT,1,16711680
3673,5c:cb:99:a3:84:15,??? Galaxy Note20 5G,Smartphone;10,2022-11-08 11:31:57,524,-86,35.8497849,127.1618759,79.0,36.900001525878906,BT,1,16711680
3674,75:f6:81:c9:0e:e6,,Uncategorized;10,2022-11-08 11:31:57,7936,-78,35.8497849,127.1618759,79.0,36.900001525878906,BT,1,16711680
3675,49:01:dc:bb:d9:67,,Uncategorized;10,2022-11-08 11:31:57,7936,-95,35.8497849,127.1618759,79.0,36.900001525878906,BT,1,16711680
3676,24:de:c6:3b:70:73,KTX-WiFi-Secure,[WPA2-EAP/SHA1-CCMP][RSN-EAP/SHA1-CCMP][ESS],2022-11-08 11:31:57,149,-57,35.8497849,127.1618759,79.0,36.900001525878906,WIFI,1,16711680
3677,24:de:c6:3b:70:72,KTX-WiFi-Free,[ESS],2022-11-08 11:31:57,149,-56,35.8497849,127.1618759,79.0,36.900001525878906,WIFI,1,16711680
3678,24:de:c6:3b:b1:13,KTX-WiFi-Secure,[WPA2-EAP/SHA1-CCMP][RSN-EAP/SHA1-CCMP][ESS],2022-11-08 11:31:57,40,-82,35.8497849,127.1618759,79.0,36.900001525878906,WIFI,1,16711680
3679,24:de:c6:3b:b1:12,KTX-WiFi-Free,[ESS],2022-11-08 11:31:57,40,-82,35.8497849,127.1618759,79.0,36.900001525878906,WIFI,1,16711680
3680,50:60:28:ca:21:31,KTX-WiFi-Free,[ESS],2022-11-08 11:31:57,60,-58,35.8497849,127.1618759,79.0,36.900001525878906,WIFI,1,16711680
3681,50:60:28:ca:21:32,KTX-WiFi-Secure,[WPA-EAP/SHA1-CCMP][ESS],2022-11-08 11:31:57,60,-58,35.8497849,127.1618759,79.0,36.900001525878906,WIFI,1,16711680
3682,50:60:28:ca:23:52,KTX-WiFi-Secure,[WPA-EAP/SHA1-CCMP][ESS],2022-11-08 11:31:57,60,-81,35.8497849,127.1618759,79.0,36.900001525878906,WIFI,1,16711680
3683,50:60:28:ca:23:51,KTX-WiFi-Free,[ESS],2022-11-08 11:31:57,60,-81,35.8497849,127.1618759,79.0,36.900001525878906,WIFI,1,16711680
3684,48:c0:93:87:73:31,KTX-WiFi-Free,[ESS],2022-11-08 11:31:57,116,-38,35.8497849,127.1618759,79.0,36.900001525878906,WIFI,1,16711680
3685,48:c0:93:87:73:32,KTX-WiFi-Secure,[WPA-EAP/SHA1-CCMP][ESS],2022-11-08 11:31:57,116,-39,35.8497849,127.1618759,79.0,36.900001525878906,WIFI,1,16711680
3686,48:c0:93:7f:ca:21,KTX-WiFi-Free,[ESS],2022-11-08 11:31:57,157,-40,35.8497849,127.1618759,79.0,36.900001525878906,WIFI,1,16711680
3687,48:c0:93:7f:ca:22,KTX-WiFi-Secure,[WPA-EAP/SHA1-CCMP][ESS],2022-11-08 11:31:57,157,-41,35.8497849,127.1618759,79.0,36.900001525878906,WIFI,1,16711680
3688,50:60:28:ca:0d:91,KTX-WiFi-Free,[ESS],2022-11-08 11:31:57,60,-77,35.8497849,127.1618759,79.0,36.900001525878906,WIFI,1,16711680
3689,50:60:28:ca:0d:92,KTX-WiFi-Secure,[WPA-EAP/SHA1-CCMP][ESS],2022-11-08 11:31:57,60,-77,35.8497849,127.1618759,79.0,36.900001525878906,WIFI,1,16711680
3690,50:60:28:52:f9:b2,KTX-WiFi-Secure,[WPA-EAP/SHA1-CCMP][ESS],2022-11-08 11:31:57,60,-77,35.8497849,127.1618759,79.0,36.900001525878906,WIFI,1,16711680
3691,50:60:28:52:f9:b1,KTX-WiFi-Free,[ESS],2022-11-08 11:31:57,60,-77,35.8497849,127.1618759,79.0,36.900001525878906,WIFI,1,16711680
3692,48:c0:93:7f:ca:81,KTX-WiFi-Free,[ESS],2022-11-08 11:31:57,116,-71,35.8497849,127.1618759,79.0,36.900001525878906,WIFI,1,16711680
3693,48:c0:93:7f:ca:82,KTX-WiFi-Secure,[WPA-EAP/SHA1-CCMP][ESS],2022-11-08 11:31:57,116,-71,35.8497849,127.1618759,79.0,36.900001525878906,WIFI,1,16711680
3694,24:de:c6:3b:70:63,KTX-WiFi-Secure,[WPA2-EAP/SHA1-CCMP][RSN-EAP/SHA1-CCMP][ESS],2022-11-08 11:31:57,9,-49,35.8497849,127.1618759,79.0,36.900001525878906,WIFI,1,16711680
3695,24:de:c6:3b:70:62,KTX-WiFi-Free,[ESS],2022-11-08 11:31:57,9,-47,35.8497849,127.1618759,79.0,36.900001525878906,WIFI,1,16711680
3696,72:2f:2c:1d:c1:e7,,Uncategorized;10,2022-11-08 11:31:57,7936,-90,35.8497849,127.1618759,79.0,36.900001525878906,BT,1,16711680
3697,68:5f:4e:78:e2:5b,,Uncategorized;10,2022-11-08 11:31:57,7936,-78,35.8497849,127.1618759,79.0,36.900001525878906,BT,1,16711680
3698,c8:7b:9a:b5:a4:9b,Buds2,Uncategorized,2022-11-08 11:31:57,7936,-84,35.8497849,127.1618759,79.0,36.900001525878906,BLE,1,16711680
3699,db:62:51:11:27:40,,Misc,2022-11-08 11:31:57,0,-91,35.8497849,127.1618759,79.0,36.900001525878906,BLE,1,16711680
3700,ee:27:c6:3f:70:82,,Misc,2022-11-08 11:31:57,0,-65,35.8497849,127.1618759,79.0,36.900001525878906,BLE,1,16711680
3701,e4:ba:e9:a0:38:95,Buds2 Pro,Uncategorized,2022-11-08 11:31:57,7936,-95,35.8497849,127.1618759,79.0,36.900001525878906,BLE,1,16711680
3702,6c:d3:ee:06:9d:6e,,Uncategorized;10,2022-11-08 11:31:57,7936,-68,35.8497849,127.1618759,79.0,36.900001525878906,BT,1,16711680
3703,6a:e1:5c:a2:f4:f2,,Misc,2022-11-08 11:31:57,0,-84,35.8497849,127.1618759,79.0,36.900001525878906,BLE,1,16711680
3704,41:1f:fd:37:e9:ef,,Misc,2022-11-08 11:31:57,0,-80,35.8497849,127.1618759,79.0,36.900001525878906,BLE,1,16711680
3705,ce:7a:ba:6e:f3:08,,Misc,2022-11-08 11:31:57,0,-88,35.8497849,127.1618759,79.0,36.900001525878906,BLE,1,16711680
3706,f4:69:bb:c3:01:06,,Misc,2022-11-08 11:31:57,0,-49,35.8497849,127.1618759,79.0,36.900001525878906,BLE,1,16711680
3707,f4:9d:80:3b:cf:cc,Buds Live,Uncategorized,2022-11-08 11:31:57,7936,-86,35.8497849,127.1618759,79.0,36.900001525878906,BLE,1,16711680
3708,5c:59:48:67:6b:9e,,Misc,2022-11-08 11:31:57,0,-93,35.8497849,127.1618759,79.0,36.900001525878906,BLE,1,16711680
3709,47:4e:5c:0a:2b:d8,Nothing ear (1),Uncategorized,2022-11-08 11:31:57,7936,-53,35.8497849,127.1618759,79.0,36.900001525878906,BLE,1,16711680
3710,7d:7d:fd:f9:b2:0e,,Misc,2022-11-08 11:31:57,0,-87,35.8497849,127.1618759,79.0,36.900001525878906,BLE,1,16711680
3711,77:3d:99:fd:17:bc,,Misc,2022-11-08 11:31:57,0,-56,35.8497849,127.1618759,79.0,36.900001525878906,BLE,1,16711680
3712,e4:ba:e9:13:3f:46,Buds2 Pro,Uncategorized,2022-11-08 11:31:57,7936,-81,35.8497849,127.1618759,79.0,36.900001525878906,BLE,1,16711680
3713,e0:bf:5f:b2:72:6e,,Misc,2022-11-08 11:31:57,0,-57,35.8497849,127.1618759,79.0,36.900001525878906,BLE,1,16711680
3714,41:41:68:88:65:e7,,Uncategorized;10,2022-11-08 11:31:57,7936,-58,35.8497849,127.1618759,79.0,36.900001525878906,BLE,1,16711680
3715,65:3a:04:f6:80:a0,,Misc,2022-11-08 11:31:57,0,-71,35.8497849,127.1618759,79.0,36.900001525878906,BLE,1,16711680
3716,5a:6c:e8:b7:91:75,,Uncategorized;10,2022-11-08 11:31:57,7936,-84,35.8497849,127.1618759,79.0,36.900001525878906,BLE,1,16711680
3717,49:a0:96:3c:87:f0,,Uncategorized;10,2022-11-08 11:31:57,7936,-91,35.8497849,127.1618759,79.0,36.900001525878906,BT,1,16711680
3718,7b:78:a7:db:5b:2e,,Uncategorized;10,2022-11-08 11:32:02,7936,-68,35.84978486302779,127.1618758554652,0.0,3000.0,BT,1,16711680
3719,5e:83:74:8b:b7:a1,,Uncategorized;10,2022-11-08 11:32:02,7936,-81,35.84978486302779,127.1618758554652,0.0,3000.0,BT,1,16711680
3720,77:d2:20:80:2e:13,,Uncategorized;10,2022-11-08 11:32:02,7936,-96,35.84978486302779,127.1618758554652,0.0,3000.0,BT,1,16711680
3721,5e:08:6b:8f:1a:d6,,Misc,2022-11-08 11:32:02,0,-62,35.84978486302779,127.1618758554652,0.0,3000.0,BLE,1,16711680
3722,69:01:20:e0:09:b8,,Misc,2022-11-08 11:32:02,0,-54,35.84978486302779,127.1618758554652,0.0,3000.0,BLE,1,16711680
3723,d0:09:47:e3:c4:06,,Misc,2022-11-08 11:32:02,0,-93,35.84978486302779,127.1618758554652,0.0,3000.0,BLE,1,16711680
3724,4b:1a:24:df:cb:91,,Misc,2022-11-08 11:32:02,0,-81,35.84978486302779,127.1618758554652,0.0,3000.0,BLE,1,16711680
3725,4a:1c:98:87:ea:02,,Uncategorized;10,2022-11-08 11:32:02,7936,-55,35.84978486302779,127.1618758554652,0.0,3000.0,BT,1,16711680
3726,72:fc:3d:47:93:b6,,Misc,2022-11-08 11:32:02,0,-75,35.84978486302779,127.1618758554652,0.0,3000.0,BLE,1,16711680
3727,e1:37:a1:71:f2:84,,Misc,2022-11-08 11:32:02,0,-51,35.84978486302779,127.1618758554652,0.0,3000.0,BLE,1,16711680
3728,62:36:96:38:a3:da,,Misc,2022-11-08 11:32:02,0,-66,35.84978486302779,127.1618758554652,0.0,3000.0,BLE,1,16711680
3729,67:8a:41:ab:f8:2f,,Misc,2022-11-08 11:32:02,0,-86,35.84978486302779,127.1618758554652,0.0,3000.0,BLE,1,16711680
3730,5c:8e:eb:9f:d3:3b,,Misc,2022-11-08 11:32:02,0,-90,35.84978486302779,127.1618758554652,0.0,3000.0,BLE,1,16711680
3731,4c:7e:0e:c3:cd:99,,Uncategorized;10,2022-11-08 11:32:02,7936,-80,35.84978486302779,127.1618758554652,0.0,3000.0,BLE,1,16711680
3732,31:e1:c1:3a:54:59,,Misc,2022-11-08 11:32:02,0,-91,35.84978486302779,127.1618758554652,0.0,3000.0,BLE,1,16711680
3733,7d:92:3d:b7:5b:02,,Misc,2022-11-08 11:32:02,0,-86,35.84978486302779,127.1618758554652,0.0,3000.0,BLE,1,16711680
3734,cf:88:bb:12:bd:06,,Misc,2022-11-08 11:32:02,0,-90,35.84978486302779,127.1618758554652,0.0,3000.0,BLE,1,16711680
3735,cb:87:b6:8b:c3:3d,,Misc,2022-11-08 11:32:02,0,-54,35.84978486302779,127.1618758554652,0.0,3000.0,BLE,1,16711680
3736,dd:53:32:d5:42:a7,,Misc,2022-11-08 11:32:02,0,-88,35.84978486302779,127.1618758554652,0.0,3000.0,BLE,1,16711680
3737,e0:14:58:0e:1f:19,,Misc,2022-11-08 11:32:02,0,-73,35.84978486302779,127.1618758554652,0.0,3000.0,BLE,1,16711680
3738,7e:35:5d:fb:17:be,,Misc,2022-11-08 11:32:02,0,-74,35.84978486302779,127.1618758554652,0.0,3000.0,BLE,1,16711680
3739,dd:b0:d9:e4:7f:cb,,Misc,2022-11-08 11:32:02,0,-84,35.84978486302779,127.1618758554652,0.0,3000.0,BLE,1,16711680
3740,5e:bd:db:ff:b4:bd,,Misc,2022-11-08 11:32:02,0,-90,35.84978486302779,127.1618758554652,0.0,3000.0,BLE,1,16711680
3741,e8:a1:3e:30:22:27,,Misc,2022-11-08 11:32:02,0,-70,35.84978486302779,127.1618758554652,0.0,3000.0,BLE,1,16711680
3742,76:6c:ef:4e:be:2e,,Misc,2022-11-08 11:32:02,0,-73,35.84978486302779,127.1618758554652,0.0,3000.0,BLE,1,16711680
3743,7d:08:08:9c:e6:07,,Misc,2022-11-08 11:32:02,0,-65,35.84978486302779,127.1618758554652,0.0,3000.0,BLE,1,16711680
3744,70:06:14:73:de:ee,,Misc,2022-11-08 11:32:02,0,-93,35.84978486302779,127.1618758554652,0.0,3000.0,BLE,1,16711680
3745,24:de:c6:3b:b1:13,KTX-WiFi-Secure,[WPA2-EAP/SHA1-CCMP][RSN-EAP/SHA1-CCMP][ESS],2022-11-08 11:32:02,40,-73,35.84978486302779,127.1618758554652,0.0,3000.0,WIFI,1,16711680
3746,24:de:c6:3b:b1:12,KTX-WiFi-Free,[ESS],2022-11-08 11:32:02,40,-73,35.84978486302779,127.1618758554652,0.0,3000.0,WIFI,1,16711680
3747,50:60:28:ca:21:31,KTX-WiFi-Free,[ESS],2022-11-08 11:32:02,60,-52,35.84978486302779,127.1618758554652,0.0,3000.0,WIFI,1,16711680
3748,50:60:28:ca:21:32,KTX-WiFi-Secure,[WPA-EAP/SHA1-CCMP][ESS],2022-11-08 11:32:02,60,-52,35.84978486302779,127.1618758554652,0.0,3000.0,WIFI,1,16711680
3749,50:60:28:ca:23:52,KTX-WiFi-Secure,[WPA-EAP/SHA1-CCMP][ESS],2022-11-08 11:32:02,60,-72,35.84978486302779,127.1618758554652,0.0,3000.0,WIFI,1,16711680
3750,50:60:28:ca:23:51,KTX-WiFi-Free,[ESS],2022-11-08 11:32:02,60,-70,35.84978486302779,127.1618758554652,0.0,3000.0,WIFI,1,16711680
3751,7d:9c:4b:82:2e:3f,,Uncategorized;10,2022-11-08 11:32:11,7936,-63,35.84978478138645,127.16187575712569,0.0,3000.0,BT,1,16711680
3752,41:b1:95:1b:08:59,,Misc,2022-11-08 11:32:11,0,-76,35.84978478138645,127.16187575712569,0.0,3000.0,BLE,1,16711680
3753,d0:c9:85:0b:63:3c,Buds2,Misc,2022-11-08 11:32:11,0,-93,35.84978478138645,127.16187575712569,0.0,3000.0,BLE,1,16711680
3754,41:1f:fd:37:e9:ef,,Misc,2022-11-08 11:32:11,0,-72,35.84978478138645,127.16187575712569,0.0,3000.0,BLE,1,16711680
3755,e1:3e:42:67:eb:28,,Misc,2022-11-08 11:32:11,0,-96,35.84978478138645,127.16187575712569,0.0,3000.0,BLE,1,16711680
3756,c4:94:2f:0a:8c:b9,,Misc,2022-11-08 11:32:11,0,-77,35.84978478138645,127.16187575712569,0.0,3000.0,BLE,1,16711680
3757,fb:b8:32:4e:d6:31,,Misc,2022-11-08 11:32:11,0,-95,35.84978478138645,127.16187575712569,0.0,3000.0,BLE,1,16711680
3758,ea:ea:aa:34:15:e5,,Misc,2022-11-08 11:32:11,0,-70,35.84978478138645,127.16187575712569,0.0,3000.0,BLE,1,16711680
3759,4d:3d:33:5c:fb:05,,Misc,2022-11-08 11:32:11,0,-91,35.84978478138645,127.16187575712569,0.0,3000.0,BLE,1,16711680
3760,fb:48:60:cb:2c:78,,Misc,2022-11-08 11:32:11,0,-62,35.84978478138645,127.16187575712569,0.0,3000.0,BLE,1,16711680
3761,4d:1c:e2:a3:59:89,,Misc,2022-11-08 11:32:11,7936,-89,35.84978478138645,127.16187575712569,0.0,3000.0,BLE,1,16711680
3762,cd:20:0b:46:01:5d,,Misc,2022-11-08 11:32:11,0,-94,35.84978478138645,127.16187575712569,0.0,3000.0,BLE,1,16711680
3763,78:15:0e:a1:33:04,,Misc,2022-11-08 11:32:11,0,-79,35.84978478138645,127.16187575712569,0.0,3000.0,BLE,1,16711680
3764,c5:5c:d1:39:99:55,,Misc,2022-11-08 11:32:11,0,-64,35.84978478138645,127.16187575712569,0.0,3000.0,BLE,1,16711680
3765,6f:b8:fe:0d:0b:5c,,Misc,2022-11-08 11:32:11,0,-86,35.84978478138645,127.16187575712569,0.0,3000.0,BLE,1,16711680
3766,80:c3:ba:1f:20:1f,MOMENTUM 4,Uncategorized,2022-11-08 11:32:11,7936,-91,35.84978478138645,127.16187575712569,0.0,3000.0,BLE,1,16711680
3767,58:73:eb:40:63:8f,,Uncategorized;10,2022-11-08 11:32:11,7936,-58,35.84978478138645,127.16187575712569,0.0,3000.0,BLE,1,16711680
3768,71:11:01:b3:17:b4,,Misc,2022-11-08 11:32:11,7936,-64,35.84978478138645,127.16187575712569,0.0,3000.0,BLE,1,16711680
3769,4a:05:80:64:ab:89,LE_WH-XB910N,Uncategorized,2022-11-08 11:32:11,7936,-92,35.84978478138645,127.16187575712569,0.0,3000.0,BLE,1,16711680
3770,f4:ed:2c:c7:b3:5d,,Misc,2022-11-08 11:32:11,0,-95,35.84978478138645,127.16187575712569,0.0,3000.0,BLE,1,16711680
3771,df:78:4a:32:85:8f,,Misc,2022-11-08 11:32:11,0,-89,35.84978478138645,127.16187575712569,0.0,3000.0,BLE,1,16711680
3772,5c:59:48:67:6b:9e,,Misc,2022-11-08 11:32:11,0,-85,35.84978478138645,127.16187575712569,0.0,3000.0,BLE,1,16711680
3773,68:5f:4e:78:e2:5b,,Uncategorized;10,2022-11-08 11:32:11,7936,-68,35.84978478138645,127.16187575712569,0.0,3000.0,BT,1,16711680
3774,00:b6:2d:02:0b:2f,,Uncategorized;10,2022-11-08 11:32:11,7936,-96,35.84978478138645,127.16187575712569,0.0,3000.0,BT,1,16711680
3775,6c:8e:53:bc:99:00,,Uncategorized;10,2022-11-08 11:32:11,7936,-58,35.84978478138645,127.16187575712569,0.0,3000.0,BT,1,16711680
3776,56:9b:8e:c1:f3:01,,Uncategorized;10,2022-11-08 11:32:11,7936,-84,35.84978478138645,127.16187575712569,0.0,3000.0,BT,1,16711680
3777,55:ca:01:fd:ed:2a,,Misc,2022-11-08 11:32:16,0,-90,35.84978473372667,127.1618756997139,0.0,3000.0,BLE,1,16711680
3778,e8:a1:3e:30:22:27,,Misc,2022-11-08 11:32:16,0,-64,35.84978473372667,127.1618756997139,0.0,3000.0,BLE,1,16711680
3779,7d:7d:fd:f9:b2:0e,,Misc,2022-11-08 11:32:16,0,-77,35.84978473372667,127.1618756997139,0.0,3000.0,BLE,1,16711680
3780,e6:81:cd:35:42:ef,,Misc,2022-11-08 11:32:16,0,-96,35.84978473372667,127.1618756997139,0.0,3000.0,BLE,1,16711680
3781,55:ca:01:fd:ed:2a,,Misc,2022-11-08 11:32:16,0,-84,35.84978473372667,127.1618756997139,0.0,3000.0,BLE,1,16711680
3782,bb:a0:50:10:78:ae,BHG001+BBA0501078AE+,Uncategorized;10,2022-11-08 11:32:16,7936,-98,35.84978473372667,127.1618756997139,0.0,3000.0,BT,1,16711680
3783,4c:e3:20:7e:f5:34,,Uncategorized;10,2022-11-08 11:32:16,7936,-60,35.84978473372667,127.1618756997139,0.0,3000.0,BT,1,16711680
3784,74:fe:d3:bf:3a:43,,Uncategorized;10,2022-11-08 11:32:16,7936,-82,35.84978473372667,127.1618756997139,0.0,3000.0,BT,1,16711680
3785,7a:54:f1:eb:fa:0b,,Uncategorized;10,2022-11-08 11:32:16,7936,-94,35.84978473372667,127.1618756997139,0.0,3000.0,BT,1,16711680
3786,55:ca:01:fd:ed:2a,,Misc,2022-11-08 11:32:21,0,-79,35.84978468098539,127.16187563618588,0.0,3000.0,BLE,1,16711680
3787,d4:9b:a6:8f:0c:a0,,Misc,2022-11-08 11:32:21,0,-63,35.84978468098539,127.16187563618588,0.0,3000.0,BLE,1,16711680
3788,e0:14:58:0e:1f:19,,Misc,2022-11-08 11:32:21,0,-62,35.84978468098539,127.16187563618588,0.0,3000.0,BLE,1,16711680
3789,55:ca:01:fd:ed:2a,,Misc,2022-11-08 11:32:21,0,-72,35.84978468098539,127.16187563618588,0.0,3000.0,BLE,1,16711680
3790,e5:20:9e:3d:8e:35,,Misc,2022-11-08 11:32:21,0,-68,35.84978468098539,127.16187563618588,0.0,3000.0,BLE,1,16711680
3791,53:21:a4:e1:47:3a,,Uncategorized;10,2022-11-08 11:32:21,7936,-56,35.84978468098539,127.16187563618588,0.0,3000.0,BT,1,16711680
3792,76:c2:82:0d:7d:8a,,Uncategorized;10,2022-11-08 11:32:21,7936,-68,35.84978468098539,127.16187563618588,0.0,3000.0,BT,1,16711680
3793,6b:57:94:08:38:21,,Uncategorized;10,2022-11-08 11:32:21,7936,-58,35.84978468098539,127.16187563618588,0.0,3000.0,BT,1,16711680
3794,7a:54:f1:eb:fa:0b,,Uncategorized;10,2022-11-08 11:32:21,7936,-87,35.84978468098539,127.16187563618588,0.0,3000.0,BT,1,16711680
3795,53:69:cd:c0:4d:12,,Misc,2022-11-08 11:32:21,7936,-85,35.84978468098539,127.16187563618588,0.0,3000.0,BLE,1,16711680
3796,41:b1:95:1b:08:59,,Misc,2022-11-08 11:32:21,0,-58,35.84978468098539,127.16187563618588,0.0,3000.0,BLE,1,16711680
3797,c0:87:34:fa:2d:72,,Misc,2022-11-08 11:32:21,0,-96,35.84978468098539,127.16187563618588,0.0,3000.0,BLE,1,16711680
3798,4e:9b:52:7c:1f:39,,Uncategorized;10,2022-11-08 11:32:21,7936,-62,35.84978468098539,127.16187563618588,0.0,3000.0,BT,1,16711680
3799,c5:7d:d9:29:e9:3d,,Misc,2022-11-08 11:32:21,0,-87,35.84978468098539,127.16187563618588,0.0,3000.0,BLE,1,16711680
3800,4d:f9:4e:04:07:01,,Misc,2022-11-08 11:32:31,0,-94,35.85008528286731,127.16155147759753,42.9,7.300000190734863,BLE,1,16711680
3801,ed:a4:26:59:79:6e,,Misc,2022-11-08 11:32:31,0,-90,35.85008528286731,127.16155147759753,42.9,7.300000190734863,BLE,1,16711680
3802,41:bd:18:07:a4:08,,Misc,2022-11-08 11:32:31,0,-91,35.85008528286731,127.16155147759753,42.9,7.300000190734863,BLE,1,16711680
3803,4e:18:48:14:23:2a,,Misc,2022-11-08 11:32:31,0,-77,35.85008528286731,127.16155147759753,42.9,7.300000190734863,BLE,1,16711680
3804,d7:3c:e2:3b:d5:6d,,Misc,2022-11-08 11:32:31,0,-55,35.85008528286731,127.16155147759753,42.9,7.300000190734863,BLE,1,16711680
3805,68:5f:4e:78:e2:5b,,Uncategorized;10,2022-11-08 11:32:31,7936,-63,35.85008528286731,127.16155147759753,42.9,7.300000190734863,BT,1,16711680
3806,64:ab:4b:6b:55:71,,Misc,2022-11-08 11:32:31,0,-88,35.85008528286731,127.16155147759753,42.9,7.300000190734863,BLE,1,16711680
3807,88:3c:1c:cc:f9:c0,KT_WiFi_2G_F9BC,[WPA-PSK-TKIP+CCMP][WPA2-PSK-TKIP+CCMP][RSN-PSK-TKIP+CCMP][ESS][WPS],2022-11-08 11:32:35,7,-66,35.85000777911571,127.16162183523991,29.6,5.0,WIFI,1,16711680
3808,c4:ad:37:fb:93:0e,,Misc,2022-11-08 11:32:36,0,-96,35.85000510366272,127.1616205352072,29.3,5.0,BLE,1,16711680
3809,78:15:0e:a1:33:04,,Misc,2022-11-08 11:32:36,0,-61,35.85000510366272,127.1616205352072,29.3,5.0,BLE,1,16711680
3810,4c:7e:0e:c3:cd:99,,Uncategorized;10,2022-11-08 11:32:36,7936,-75,35.85000510366272,127.1616205352072,29.3,5.0,BLE,1,16711680
3811,6d:4b:b1:cb:22:3c,,Misc,2022-11-08 11:32:36,0,-90,35.85000510366272,127.1616205352072,29.3,5.0,BLE,1,16711680
3812,5e:83:74:8b:b7:a1,,Uncategorized;10,2022-11-08 11:32:36,7936,-75,35.85000510366272,127.1616205352072,29.3,5.0,BT,1,16711680
3813,62:36:96:38:a3:da,,Misc,2022-11-08 11:32:36,0,-61,35.85000510366272,127.1616205352072,29.3,5.0,BLE,1,16711680
3814,58:a0:e3:40:9e:6d,,Misc,2022-11-08 11:32:36,0,-75,35.85000510366272,127.1616205352072,29.3,5.0,BLE,1,16711680
3815,68:5f:4e:78:e2:5b,,Uncategorized;10,2022-11-08 11:32:37,7936,-56,35.85000751372082,127.1616180715765,29.0,4.900000095367432,BT,1,16711680
3816,45:c7:f0:83:52:eb,,Uncategorized;10,2022-11-08 11:32:37,7936,-93,35.85000751372082,127.1616180715765,29.0,4.900000095367432,BT,1,16711680
3817,76:c2:82:0d:7d:8a,,Uncategorized;10,2022-11-08 11:32:37,7936,-59,35.85000751372082,127.1616180715765,29.0,4.900000095367432,BT,1,16711680
3818,61:c5:8f:28:d4:a9,,Uncategorized;10,2022-11-08 11:32:38,7936,-91,35.8500137303557,127.1616123281602,28.5,4.900000095367432,BT,1,16711680
3819,71:11:01:b3:17:b4,,Misc,2022-11-08 11:32:39,7936,-52,35.850018761111315,127.16160969313124,28.1,4.900000095367432,BLE,1,16711680
3820,70:bf:92:1a:f9:9b,Jabra Elite Active 65t,Uncategorized;10,2022-11-08 11:32:40,7936,-75,35.85002149291658,127.1616087109937,27.0,4.800000190734863,BT,1,16711680
3821,5c:a1:6d:e0:d2:92,,Uncategorized;10,2022-11-08 11:32:40,7936,-95,35.85002149291658,127.1616087109937,27.0,4.800000190734863,BT,1,16711680
3822,75:f6:81:c9:0e:e6,,Uncategorized;10,2022-11-08 11:32:40,7936,-71,35.85002149291658,127.1616087109937,27.0,4.800000190734863,BT,1,16711680
3823,e9:97:d6:aa:5b:d0,,Misc,2022-11-08 11:32:41,0,-72,35.85000618537819,127.16168141320432,26.9,4.900000095367432,BLE,1,16711680
3824,e8:d1:95:71:a0:c9,,Misc,2022-11-08 11:32:41,0,-95,35.85000618537819,127.16168141320432,26.9,4.900000095367432,BLE,1,16711680
3825,f7:18:c9:72:7c:f5,Galaxy Buds Live (E766) LE,Uncategorized,2022-11-08 11:32:41,7936,-88,35.85000618537819,127.16168141320432,26.9,4.900000095367432,BLE,1,16711680
3826,5c:59:48:67:6b:9e,,Misc,2022-11-08 11:32:41,0,-79,35.85000618537819,127.16168141320432,26.9,4.900000095367432,BLE,1,16711680
3827,e2:e8:6e:14:bc:ab,,Misc,2022-11-08 11:32:41,0,-98,35.85000618537819,127.16168141320432,26.9,4.900000095367432,BLE,1,16711680
3828,e8:a1:3e:30:22:27,,Misc,2022-11-08 11:32:41,0,-57,35.85000618537819,127.16168141320432,26.9,4.900000095367432,BLE,1,16711680
3829,e7:40:70:dd:ef:6e,,Misc,2022-11-08 11:32:41,0,-87,35.85000618537819,127.16168141320432,26.9,4.900000095367432,BLE,1,16711680
3830,cf:a2:a6:33:5a:6d,,Misc,2022-11-08 11:32:41,0,-73,35.85000618537819,127.16168141320432,26.9,4.900000095367432,BLE,1,16711680
3831,53:69:cd:c0:4d:12,,Misc,2022-11-08 11:32:42,7936,-76,35.849994186620066,127.161729504516,27.8,5.099999904632568,BLE,1,16711680
3832,00:b6:2d:02:0b:2f,,Uncategorized;10,2022-11-08 11:32:42,7936,-89,35.849994186620066,127.161729504516,27.8,5.099999904632568,BT,1,16711680
3833,70:f2:02:4a:ab:0d,,Uncategorized;10,2022-11-08 11:32:42,7936,-78,35.849994186620066,127.161729504516,27.8,5.099999904632568,BT,1,16711680
3834,74:fe:d3:bf:3a:43,,Uncategorized;10,2022-11-08 11:32:42,7936,-77,35.849994186620066,127.161729504516,27.8,5.099999904632568,BT,1,16711680
3835,4d:1c:e2:a3:59:89,,Misc,2022-11-08 11:32:43,7936,-83,35.84998665935235,127.161757850303,28.3,5.099999904632568,BLE,1,16711680
3836,bb:a0:50:10:78:ae,BHG001+BBA0501078AE+,Uncategorized;10,2022-11-08 11:32:44,7936,-90,35.849982171013465,127.1617716685816,29.4,5.0,BT,1,16711680
3837,c5:04:16:5f:f9:ae,,Misc,2022-11-08 11:32:46,0,-99,35.84997668607805,127.16177994202666,29.3,4.900000095367432,BLE,1,16711680
3838,d7:ad:bb:74:12:78,,Misc,2022-11-08 11:32:46,0,-95,35.84997668607805,127.16177994202666,29.3,4.900000095367432,BLE,1,16711680
3839,7d:7d:fd:f9:b2:0e,,Misc,2022-11-08 11:32:46,0,-71,35.84997668607805,127.16177994202666,29.3,4.900000095367432,BLE,1,16711680
3840,fc:fe:b4:f5:8f:30,,Misc,2022-11-08 11:32:46,0,-57,35.84997668607805,127.16177994202666,29.3,4.900000095367432,BLE,1,16711680
3841,63:22:e4:7c:25:05,,Misc,2022-11-08 11:32:46,0,-93,35.84997668607805,127.16177994202666,29.3,4.900000095367432,BLE,1,16711680
3842,c4:5f:cc:0c:4d:3b,,Misc,2022-11-08 11:32:46,0,-76,35.84997668607805,127.16177994202666,29.3,4.900000095367432,BLE,1,16711680
3843,76:c2:82:0d:7d:8a,,Uncategorized;10,2022-11-08 11:32:46,7936,-54,35.84997668607805,127.16177994202666,29.3,4.900000095367432,BT,1,16711680
3844,46:60:07:d3:32:fc,,Uncategorized;10,2022-11-08 11:32:48,7936,-60,35.8500021366006,127.16165184812988,28.3,4.800000190734863,BT,1,16711680
3845,c8:7b:9a:9f:d0:9f,Buds2,Misc,2022-11-08 11:32:51,0,-99,35.85001233007614,127.16161030895545,29.2,4.699999809265137,BLE,1,16711680
3846,4c:e3:20:7e:f5:34,,Uncategorized;10,2022-11-08 11:32:51,7936,-52,35.85001233007614,127.16161030895545,29.2,4.699999809265137,BT,1,16711680
3847,fa:a8:81:7c:6d:74,,Misc,2022-11-08 11:32:51,0,-79,35.85001233007614,127.16161030895545,29.2,4.699999809265137,BLE,1,16711680
3848,55:20:f3:6d:20:8d,,Misc,2022-11-08 11:32:51,0,-91,35.85001233007614,127.16161030895545,29.2,4.699999809265137,BLE,1,16711680
3849,49:c6:87:22:07:49,,Misc,2022-11-08 11:32:51,0,-98,35.85001233007614,127.16161030895545,29.2,4.699999809265137,BLE,1,16711680
3850,c0:e5:19:d3:5c:56,,Misc,2022-11-08 11:32:51,0,-88,35.85001233007614,127.16161030895545,29.2,4.699999809265137,BLE,1,16711680
3851,72:15:39:9f:38:6b,,Misc,2022-11-08 11:32:56,0,-58,35.85002366616341,127.1616329044782,30.9,4.800000190734863,BLE,1,16711680
3852,ee:e2:79:77:ab:63,,Misc,2022-11-08 11:32:56,0,-80,35.85002366616341,127.1616329044782,30.9,4.800000190734863,BLE,1,16711680
3853,bb:a0:50:f3:12:ca,BHG001+BBA050F312CA+,Misc,2022-11-08 11:32:56,0,-94,35.85002366616341,127.1616329044782,30.9,4.800000190734863,BLE,1,16711680
3854,ee:d1:f9:55:fc:75,,Misc,2022-11-08 11:32:56,0,-85,35.85002366616341,127.1616329044782,30.9,4.800000190734863,BLE,1,16711680
3855,7a:ce:10:49:3f:00,,Misc,2022-11-08 11:32:56,0,-87,35.85002366616341,127.1616329044782,30.9,4.800000190734863,BLE,1,16711680
3856,cf:4c:ee:d1:79:76,,Misc,2022-11-08 11:32:56,0,-93,35.85002366616341,127.1616329044782,30.9,4.800000190734863,BLE,1,16711680
3857,52:e6:0b:05:8b:29,,Uncategorized;10,2022-11-08 11:32:56,7936,-78,35.85002366616341,127.1616329044782,30.9,4.800000190734863,BT,1,16711680
3858,5f:cf:24:e9:1c:6f,,Misc,2022-11-08 11:32:56,0,-89,35.85002366616341,127.1616329044782,30.9,4.800000190734863,BLE,1,16711680
3859,5a:f6:47:65:9d:e3,,Misc,2022-11-08 11:32:56,0,-89,35.85002366616341,127.1616329044782,30.9,4.800000190734863,BLE,1,16711680
3860,72:f1:b7:8b:fe:cf,,Misc,2022-11-08 11:32:56,0,-94,35.85002366616341,127.1616329044782,30.9,4.800000190734863,BLE,1,16711680
3861,31:e1:c1:3a:54:59,,Misc,2022-11-08 11:32:56,0,-86,35.85002366616341,127.1616329044782,30.9,4.800000190734863,BLE,1,16711680
3862,4c:72:70:54:d4:ee,,Misc,2022-11-08 11:32:56,0,-76,35.85002366616341,127.1616329044782,30.9,4.800000190734863,BLE,1,16711680
3863,56:15:65:ee:62:ee,,Misc,2022-11-08 11:32:56,0,-92,35.85002366616341,127.1616329044782,30.9,4.800000190734863,BLE,1,16711680
3864,43:b2:24:b3:35:79,,Misc,2022-11-08 11:32:56,0,-96,35.85002366616341,127.1616329044782,30.9,4.800000190734863,BLE,1,16711680
3865,cf:88:bb:12:bd:06,,Misc,2022-11-08 11:32:56,0,-85,35.85002366616341,127.1616329044782,30.9,4.800000190734863,BLE,1,16711680
3866,5a:6c:e8:b7:91:75,,Uncategorized;10,2022-11-08 11:32:56,7936,-71,35.85002366616341,127.1616329044782,30.9,4.800000190734863,BLE,1,16711680
3867,65:44:ea:f2:b2:07,,Uncategorized;10,2022-11-08 11:33:01,7936,-68,35.85005915911248,127.16165774150356,35.3,4.800000190734863,BT,1,16711680
3868,e6:a3:ed:3a:73:4d,,Misc,2022-11-08 11:33:01,0,-64,35.85005915911248,127.16165774150356,35.3,4.800000190734863,BLE,1,16711680
3869,44:92:c0:3d:9d:c8,,Misc,2022-11-08 11:33:01,0,-99,35.85005915911248,127.16165774150356,35.3,4.800000190734863,BLE,1,16711680
3870,d2:65:59:ff:4f:44,,Misc,2022-11-08 11:33:01,0,-89,35.85005915911248,127.16165774150356,35.3,4.800000190734863,BLE,1,16711680
3871,17:14:21:54:cf:ea,,Misc,2022-11-08 11:33:01,0,-97,35.85005915911248,127.16165774150356,35.3,4.800000190734863,BLE,1,16711680
3872,5d:af:30:bf:01:f7,,Misc,2022-11-08 11:33:01,0,-91,35.85005915911248,127.16165774150356,35.3,4.800000190734863,BLE,1,16711680
3873,77:5b:95:28:b1:45,,Misc,2022-11-08 11:33:01,0,-90,35.85005915911248,127.16165774150356,35.3,4.800000190734863,BLE,1,16711680
3874,45:a6:6b:a7:e0:34,,Misc,2022-11-08 11:33:01,7936,-97,35.85005915911248,127.16165774150356,35.3,4.800000190734863,BLE,1,16711680
3875,50:5a:f4:09:b0:20,,Misc,2022-11-08 11:33:01,0,-95,35.85005915911248,127.16165774150356,35.3,4.800000190734863,BLE,1,16711680
3876,e2:db:63:83:aa:22,,Misc,2022-11-08 11:33:01,0,-78,35.85005915911248,127.16165774150356,35.3,4.800000190734863,BLE,1,16711680
3877,48:3d:b7:34:77:d9,,Misc,2022-11-08 11:33:01,0,-86,35.85005915911248,127.16165774150356,35.3,4.800000190734863,BLE,1,16711680
3878,f0:9d:19:84:76:cf,Buds+,Misc,2022-11-08 11:33:01,0,-96,35.85005915911248,127.16165774150356,35.3,4.800000190734863,BLE,1,16711680
3879,c8:9d:9c:5f:70:7f,,Misc,2022-11-08 11:33:01,0,-88,35.85005915911248,127.16165774150356,35.3,4.800000190734863,BLE,1,16711680
3880,bb:a0:50:ed:33:d2,BHG001+BBA050ED33D2+,Misc,2022-11-08 11:33:01,7936,-95,35.85005915911248,127.16165774150356,35.3,4.800000190734863,BLE,1,16711680
3881,6c:8e:53:bc:99:00,,Uncategorized;10,2022-11-08 11:33:06,7936,-47,35.850103103349255,127.1616568663633,40.0,4.699999809265137,BT,1,16711680
3882,fa:a8:81:7c:6d:74,,Misc,2022-11-08 11:33:06,0,-72,35.850103103349255,127.1616568663633,40.0,4.699999809265137,BLE,1,16711680
3883,11:c3:f8:8f:92:fb,,Misc,2022-11-08 11:33:06,0,-96,35.850103103349255,127.1616568663633,40.0,4.699999809265137,BLE,1,16711680
3884,56:26:c2:fa:af:ff,,Misc,2022-11-08 11:33:06,0,-76,35.850103103349255,127.1616568663633,40.0,4.699999809265137,BLE,1,16711680
3885,53:21:a4:e1:47:3a,,Uncategorized;10,2022-11-08 11:33:06,7936,-49,35.850103103349255,127.1616568663633,40.0,4.699999809265137,BT,1,16711680
3886,fc:bc:be:e8:55:a5,,Misc,2022-11-08 11:33:06,0,-89,35.850103103349255,127.1616568663633,40.0,4.699999809265137,BLE,1,16711680
3887,bb:a0:50:10:78:ae,BHG001+BBA0501078AE+,Uncategorized;10,2022-11-08 11:33:06,7936,-79,35.850103103349255,127.1616568663633,40.0,4.699999809265137,BT,1,16711680
3888,f2:cd:28:92:b6:e7,,Misc,2022-11-08 11:33:06,0,-93,35.850103103349255,127.1616568663633,40.0,4.699999809265137,BLE,1,16711680
3889,fc:01:6e:7b:e8:f9,,Misc,2022-11-08 11:33:06,0,-82,35.850103103349255,127.1616568663633,40.0,4.699999809265137,BLE,1,16711680
3890,fa:11:bf:77:ef:45,,Misc,2022-11-08 11:33:06,0,-99,35.850103103349255,127.1616568663633,40.0,4.699999809265137,BLE,1,16711680
3891,71:86:25:33:64:3f,,Misc,2022-11-08 11:33:06,0,-91,35.850103103349255,127.1616568663633,40.0,4.699999809265137,BLE,1,16711680
3892,52:00:f2:18:0f:40,,Misc,2022-11-08 11:33:06,0,-95,35.850103103349255,127.1616568663633,40.0,4.699999809265137,BLE,1,16711680
3893,fd:4d:00:66:52:04,,Misc,2022-11-08 11:33:06,0,-95,35.850103103349255,127.1616568663633,40.0,4.699999809265137,BLE,1,16711680
3894,bb:a0:50:ed:33:d2,BHG001+BBA050ED33D2+,Misc,2022-11-08 11:33:07,7936,-88,35.85011887054096,127.16165316595654,40.8,4.699999809265137,BLE,1,16711680
3895,37:47:04:04:f3:c4,,Uncategorized;10,2022-11-08 11:33:07,7936,-97,35.85011887054096,127.16165316595654,40.8,4.699999809265137,BT,1,16711680
3896,45:a6:6b:a7:e0:34,,Misc,2022-11-08 11:33:08,7936,-85,35.85013603968935,127.16165011966392,41.5,4.699999809265137,BLE,1,16711680
